,grid,positionOrder,points,laps
grid,1.0,0.5809636628098692,-0.6242552283462541,-0.08472048459875686
positionOrder,0.5809636628098692,1.0,-0.844922573832322,-0.4793468314163266
points,-0.6242552283462541,-0.844922573832322,1.0,0.24364318126765158
laps,-0.08472048459875686,-0.4793468314163266,0.24364318126765158,1.0
